{
  "_fv": 43,
  "_type": "recipe",
  "definition": {
    "recipeType": "Crafting",
    "recipeRetstackSize": 1,
    "group": "",
    "cookingBookCategory": "MISC",
    "xpReward": 0.0,
    "cookingTime": 200,
    "craftingBookCategory": "BUILDING",
    "recipeShapeless": false,
    "recipeSlots": [
      {
        "value": "CUSTOM:ArdaniumIngot"
      },
      {
        "value": "CUSTOM:ArdaniumIngot"
      },
      {
        "value": "CUSTOM:ArdaniumIngot"
      },
      {
        "value": "CUSTOM:ArdaniumIngot"
      },
      {
        "value": "CUSTOM:ArdaniumIngot"
      },
      {
        "value": "CUSTOM:ArdaniumIngot"
      },
      {
        "value": "CUSTOM:ArdaniumIngot"
      },
      {
        "value": "CUSTOM:ArdaniumIngot"
      },
      {
        "value": "CUSTOM:ArdaniumIngot"
      }
    ],
    "recipeReturnStack": {
      "value": "CUSTOM:EnderBlock"
    },
    "name": "ender_block_crafting_recipe",
    "namespace": "minecraft"
  }
}