{
  "_fv": 43,
  "_type": "fluid",
  "definition": {
    "name": "End Fluid",
    "bucketName": "End Fluid Bucket",
    "textureStill": "endfluid",
    "textureFlowing": "endfluid2",
    "tintType": "No tint",
    "canMultiply": false,
    "flowRate": 5,
    "levelDecrease": 2,
    "slopeFindDistance": 4,
    "spawnParticles": false,
    "dripParticle": {
      "value": "EXPLOSION_NORMAL"
    },
    "flowStrength": 1.0,
    "luminosity": 5,
    "density": 1000,
    "viscosity": 1000,
    "temperature": 300,
    "type": "WATER",
    "generateBucket": true,
    "textureBucket": "",
    "creativeTab": {
      "value": "BREWING"
    },
    "emptySound": {
      "value": "item.bucket.empty"
    },
    "rarity": "RARE",
    "specialInfo": [
      "A Rare fluid that you can find in the Pre-End"
    ],
    "resistance": 100.0,
    "luminance": 5,
    "lightOpacity": 1,
    "emissiveRendering": false,
    "tickRate": 10,
    "flammability": 0,
    "fireSpreadSpeed": 0,
    "colorOnMap": "DEFAULT"
  }
}