{
  "_fv": 43,
  "_type": "achievement",
  "definition": {
    "achievementName": "Preparing For The End?",
    "achievementDescription": "You discovered the new dimension!",
    "achievementIcon": {
      "value": "CUSTOM:ThePreEnd"
    },
    "background": "Default",
    "disableDisplay": false,
    "showPopup": true,
    "announceToChat": true,
    "hideIfNotCompleted": false,
    "rewardLoot": [],
    "rewardRecipes": [],
    "rewardFunction": "No function",
    "rewardXP": 5,
    "achievementType": "goal",
    "parent": {
      "value": "No parent: root"
    },
    "triggerxml": "<xml xmlns=\"https://developers.google.com/blockly/xml\"><block type=\"dimension_entered\" x=\"35\" y=\"118\"><field name=\"dimension\">CUSTOM:ThePreEnd</field><next><block type=\"advancement_trigger\" deletable=\"false\"></block></next></block></xml>"
  }
}