{
  "_fv": 43,
  "_type": "dimension",
  "definition": {
    "biomesInDimension": [
      {
        "value": "end_midlands"
      },
      {
        "value": "end_highlands"
      }
    ],
    "worldGenType": "End like gen",
    "mainFillerBlock": {
      "value": "CUSTOM:EnderBlock"
    },
    "fluidBlock": {
      "value": "CUSTOM:EndFluid"
    },
    "airColor": {
      "value": -16751259,
      "falpha": 0.0
    },
    "canRespawnHere": true,
    "hasFog": false,
    "isDark": false,
    "doesWaterVaporize": true,
    "sleepResult": "DENY",
    "hasSkyLight": false,
    "imitateOverworldBehaviour": false,
    "portalFrame": {
      "value": "CUSTOM:EnderBlock"
    },
    "portalParticles": {
      "value": "FIREWORKS_SPARK"
    },
    "portalLuminance": 5,
    "portalSound": {
      "value": "block.portal.ambient"
    },
    "enableIgniter": true,
    "igniterName": "The Pre End Portal Igniter",
    "igniterTab": {
      "value": "TOOLS"
    },
    "texture": "pre_end_portal_igniter",
    "portalTexture": "pre_end_portal_block",
    "enablePortal": true
  }
}