{
  "display": {
    "background": "minecraft:textures/block/stone.png",
    "icon": {
      "item": "thepreend_by_whitewolf:the_pre_end"
    },
    "title": {
      "translate": "advancements.preparing_for_the_end.title"
    },
    "description": {
      "translate": "advancements.preparing_for_the_end.descr"
    },
    "frame": "goal",
    "show_toast": true,
    "announce_to_chat": true,
    "hidden": false
  },
  "criteria": {
    "preparing_for_the_end": {
      "trigger": "minecraft:changed_dimension",
      "conditions": {
        "to": "thepreend_by_whitewolf:the_pre_end"
      }
    }
  },
  "rewards": {
    "experience": 5
  }
}